[{"menu_code":"100", "menu_name":"\ucf5c\ub4dc \ube0c\ub8e8 \ucee4\ud53c", "menu_kinds":1},
 {"menu_code":"101", "menu_name":"\ub098\uc774\ud2b8\ub85c \ubc14\ub2d0\ub77c\ud06c\ub9bc", "menu_kinds":100},
 {"menu_code":"102", "menu_name":"\ud3ec\ub808\uc2a4\ud2b8 \ucf5c\ub4dc\ube0c\ub8e8", "menu_kinds":100},
 {"menu_code":"103", "menu_name":"\ub098\uc774\ud2b8\ub85c \ucf5c\ub4dc\ube0c\ub8e8", "menu_kinds":100},
 {"menu_code":"104", "menu_name":"\ub3cc\uccb4 \ucf5c\ub4dc\ube0c\ub8e8", "menu_kinds":100},
 {"menu_code":"105", "menu_name":"\ubc14\ub2d0\ub77c \ud06c\ub9bc \ucf5c\ub4dc\ube0c\ub8e8", "menu_kinds":100},
 {"menu_code":"106", "menu_name":"\ucf5c\ub4dc\ube0c\ub8e8", "menu_kinds":100},
 {"menu_code":"107", "menu_name":"\ucf5c\ub4dc\ube0c\ub8e8\ubab0\ud2b8", "menu_kinds":100},
 {"menu_code":"108", "menu_name":"\ucf5c\ub4dc\ube0c\ub8e8 \uc624\ud2b8\ub77c\ub5bc", "menu_kinds":100},
 {"menu_code":"109", "menu_name":"\ucf5c\ub4dc \ube0c\ub8e8 \ud50c\ub85c\ud2b8", "menu_kinds":100},
 {"menu_code":"110", "menu_name":"\ud504\ub80c\uce58 \uc560\ud50c \ud0c0\ub974\ud2b8 \ub098\uc774\ud2b8\ub85c", "menu_kinds":100},
 {"menu_code":"200", "menu_name":"\ube0c\ub8e8\ub4dc\ucee4\ud53c", "menu_kinds":2},
 {"menu_code":"201", "menu_name":"\uc544\uc774\uc2a4 \ucee4\ud53c", "menu_kinds":200},
 {"menu_code":"202", "menu_name":"\uc624\ub298\uc758 \ucee4\ud53c", "menu_kinds":200},
 {"menu_code":"300", "menu_name":"\uc5d0\uc2a4\ud504\ub808\uc18c", "menu_kinds":300},
 {"menu_code":"301", "menu_name":"\ub77c\ubca4\ub354 \uce74\ud398 \ube0c\ub808\ubca0", "menu_kinds":300},
 {"menu_code":"302", "menu_name":"\ub7fc \uc0f7 \ucf54\ub974\ud0c0\ub3c4", "menu_kinds":300},
 {"menu_code":"303", "menu_name":"\ubc14\ub2d0\ub77c \ube48 \ub77c\ub5bc", "menu_kinds":300},
 {"menu_code":"304", "menu_name":"\ubc14\ub2d0\ub77c \uc2a4\ud0c0\ubc85\uc2a4 \ub354\ube14\uc0f7", "menu_kinds":300},
 {"menu_code":"305", "menu_name":"\ubc14\ub2d0\ub77c \ud50c\ub7ab \ud654\uc774\ud2b8", "menu_kinds":300},
 {"menu_code":"306", "menu_name":"\ube14\ub860\ub4dc \ubc14\ub2d0\ub77c \ub354\ube14\uc0f7 \ub9c8\ub07c\uc544\ub610", "menu_kinds":300},
 {"menu_code":"307", "menu_name":"\ube14\ub860\ub4dc \uc5d0\uc2a4\ud504\ub808\uc18c \ub77c\ub5bc", "menu_kinds":300},
 {"menu_code":"308", "menu_name":"\uc2a4\ud0c0\ubc85\uc2a4 \ub3cc\uccb4 \ub77c\ub5bc", "menu_kinds":300},
 {"menu_code":"309", "menu_name":"\uc544\uc774\uc2a4 \ub77c\ubca4\ub354 \uce74\ud398 \ube0c\ub808\ubca0", "menu_kinds":300},
 {"menu_code":"310", "menu_name":"\uc544\uc774\uc2a4 \ubc14\ub2d0\ub77c \ube48 \ub77c\ub5bc", "menu_kinds":300},
 {"menu_code":"311", "menu_name":"\uc544\uc774\uc2a4 \ube14\ub860\ub4dc \uc5d0\uc2a4\ud504\ub808\uc18c \ub77c\ub5bc", "menu_kinds":300},
 {"menu_code":"312", "menu_name":"\uc544\uc774\uc2a4 \uc2a4\ud0c0\ubc85\uc2a4 \ub3cc\uccb4\ub77c\ub5bc", "menu_kinds":300},
 {"menu_code":"313", "menu_name":"\uc544\uc774\uc2a4 \uce74\ub77c\uba5c \ub9c8\ub07c\uc544\ub610", "menu_kinds":300},
 {"menu_code":"314", "menu_name":"\uc544\uc774\uc2a4 \uce74\ud398 \uc544\uba54\ub9ac\uce74\ub178", "menu_kinds":300},
 {"menu_code":"315", "menu_name":"\uc544\uc774\uc2a4 \uce74\ud398\ub77c\ub5bc", "menu_kinds":300},
 {"menu_code":"316", "menu_name":"\uc544\uc774\uc2a4 \uce74\ud398\ubaa8\uce74", "menu_kinds":300},
 {"menu_code":"317", "menu_name":"\uc544\uc774\uc2a4 \uce74\ud478\uce58\ub178", "menu_kinds":300},
 {"menu_code":"318", "menu_name":"\uc544\uc774\uc2a4 \ud654\uc774\ud2b8 \ucd08\ucf5c\ub9bf \ubaa8\uce74", "menu_kinds":300},
 {"menu_code":"319", "menu_name":"\uc5d0\uc2a4\ud504\ub808\uc18c", "menu_kinds":300},
 {"menu_code":"320", "menu_name":"\uc5d0\uc2a4\ud504\ub808\uc18c \ub9c8\ub07c\uc544\ub610", "menu_kinds":300},
 {"menu_code":"321", "menu_name":"\uc5d0\uc2a4\ud504\ub808\uc18c \ucf58\ud30c\ub098", "menu_kinds":300},
 {"menu_code":"322", "menu_name":"\uc81c\uc8fc \ubcc4\ub2e4\ubc29 \ub545\ucf69\ub77c\ub5bc", "menu_kinds":300},
 {"menu_code":"323", "menu_name":"\uce74\ub77c\uba5c \ub9c8\ub07c\uc544\ub610", "menu_kinds":300},
 {"menu_code":"324", "menu_name":"\uce74\ud398 \ub77c\ub5bc", "menu_kinds":300},
 {"menu_code":"325", "menu_name":"\uce74\ud398 \ubaa8\uce74", "menu_kinds":300},
 {"menu_code":"326", "menu_name":"\uce74\ud398 \uc544\uba54\ub9ac\uce74\ub178", "menu_kinds":300},
 {"menu_code":"327", "menu_name":"\uce74\ud478\uce58\ub178", "menu_kinds":300},
 {"menu_code":"328", "menu_name":"\ucee4\ud53c \uc2a4\ud0c0\ubc85\uc2a4 \ub354\ube14\uc0f7", "menu_kinds":300},
 {"menu_code":"329", "menu_name":"\ud074\ub798\uc2dd \uc544\ud3ec\uac00\ud1a0", "menu_kinds":300},
 {"menu_code":"330", "menu_name":"\ud5e4\uc774\uc990\ub11b \uc2a4\ud0c0\ubc85\uc2a4 \ub354\ube14\uc0f7", "menu_kinds":300},
 {"menu_code":"331", "menu_name":"\ud654\uc774\ud2b8 \ucd08\ucf5c\ub9bf \ubaa8\uce74", "menu_kinds":300},
 {"menu_code":"400", "menu_name":"\ud504\ub77c\ud478\uce58\ub178", "menu_kinds":4},
 {"menu_code":"401", "menu_name":"\ub354\ube14 \uc5d0\uc2a4\ud504\ub808\uc18c \uce69 \ud504\ub77c\ud478\uce58\ub178", "menu_kinds":400},
 {"menu_code":"402", "menu_name":"\ub3cc\uccb4 \uce74\ub77c\uba5c \uce69 \ucee4\ud53c \ud504\ub77c\ud478\uce58\ub178", "menu_kinds":400},
 {"menu_code":"403", "menu_name":"\ubaa8\uce74 \ud504\ub77c\ud478\uce58\ub178", "menu_kinds":400},
 {"menu_code":"404", "menu_name":"\ubc14\ub098\ub098 \ud06c\ub9bc \ub2e4\ud06c \ucd08\ucf54 \ube14\ub80c\ub514\ub4dc", "menu_kinds":400},
 {"menu_code":"405", "menu_name":"\ubc14\ub2d0\ub77c \ud06c\ub9bc \ud504\ub77c\ud478\uce58\ub178", "menu_kinds":400},
 {"menu_code":"406", "menu_name":"\uc5d0\uc2a4\ud504\ub808\uc18c \ud504\ub77c\ud478\uce58\ub178", "menu_kinds":400},
 {"menu_code":"407", "menu_name":"\uc790\ubc14 \uce69 \ud504\ub77c\ud478\uce58\ub178", "menu_kinds":400},
 {"menu_code":"408", "menu_name":"\uc81c\uc8fc \uae4c\ub9dd \ud06c\ub9bc \ud504\ub77c\ud478\uce58\ub178", "menu_kinds":400},
 {"menu_code":"409", "menu_name":"\uc81c\uc8fc \ubcc4\ub2e4\ubc29 \ub545\ucf69 \ud504\ub77c\ud478\uce58\ub178", "menu_kinds":400},
 {"menu_code":"410", "menu_name":"\uc81c\uc8fc \uc465\ub5a1 \ud06c\ub9bc \ud504\ub77c\ud478\uce58\ub178", "menu_kinds":400},
 {"menu_code":"411", "menu_name":"\uc81c\uc8fc \uc720\uae30\ub18d \ub9d0\ucc28\ub85c \ub9cc\ub4e0 \ud504\ub77c\ud478\uce58\ub178", "menu_kinds":400},
 {"menu_code":"412", "menu_name":"\ucd08\ucf5c\ub9bf \ud06c\ub9bc \uce69 \ud504\ub77c\ud478\uce58\ub178", "menu_kinds":400},
 {"menu_code":"413", "menu_name":"\uce74\ub77c\uba5c \ud504\ub77c\ud478\uce58\ub178", "menu_kinds":400},
 {"menu_code":"414", "menu_name":"\ud654\uc774\ud2b8 \ub538\uae30 \ud06c\ub9bc \ud504\ub77c\ud478\uce58\ub178", "menu_kinds":400},
 {"menu_code":"415", "menu_name":"\ud654\uc774\ud2b8 \ucd08\ucf5c\ub9bf \ubaa8\uce74 \ud504\ub77c\ud478\uce58\ub178", "menu_kinds":400},
 {"menu_code":"416", "menu_name":"\ud654\uc774\ud2b8 \ud0c0\uc774\uac70 \ud504\ub77c\ud478\uce58\ub178", "menu_kinds":400},
 {"menu_code":"500", "menu_name":"\ube14\ub80c\ub514\ub4dc", "menu_kinds":5},
 {"menu_code":"501", "menu_name":"\ub538\uae30 \ub51c\ub77c\uc774\ud2b8 \uc694\uac70\ud2b8 \ube14\ub80c\ub514\ub4dc", "menu_kinds":500},
 {"menu_code":"502", "menu_name":"\ub538\uae30 \ub808\ubaac \ube14\ub80c\ub514\ub4dc", "menu_kinds":500},
 {"menu_code":"503", "menu_name":"\ub9dd\uace0 \ubc14\ub098\ub098 \ube14\ub80c\ub514\ub4dc ", "menu_kinds":500},
 {"menu_code":"504", "menu_name":"\ub9dd\uace0 \ud328\uc158 \ud6c4\ub974\uce20 \ube14\ub80c\ub514\ub4dc", "menu_kinds":500},
 {"menu_code":"505", "menu_name":"\ubbfc\ud2b8 \ucd08\ucf5c\ub9bf \uce69 \ube14\ub80c\ub514\ub4dc", "menu_kinds":500},
 {"menu_code":"506", "menu_name":"\uc81c\uc8fc \ucc9c\ud61c\ud5a5 \ube14\ub799 \ud2f0 \ube14\ub80c\ub514\ub4dc", "menu_kinds":500},
 {"menu_code":"507", "menu_name":"\ud53c\uce58 & \ub808\ubaac \ube14\ub80c\ub514\ub4dc", "menu_kinds":500},
 {"menu_code":"600", "menu_name":"\uc2a4\ud0c0\ubc85\uc2a4 \ud53c\uc9c0\uc624", "menu_kinds":6},
 {"menu_code":"601", "menu_name":"\ube14\ub799 \ud2f0 \ub808\ubaa8\ub124\uc774\ub4dc \ud53c\uc9c0\uc624", "menu_kinds":600},
 {"menu_code":"602", "menu_name":"\ucfe8 \ub77c\uc784 \ud53c\uc9c0\uc624", "menu_kinds":600},
 {"menu_code":"603", "menu_name":"\ud328\uc158 \ud0f1\uace0 \ud2f0 \ub808\ubaa8\ub124\uc774\ub4dc \ud53c\uc9c0\uc624", "menu_kinds":600},
 {"menu_code":"700", "menu_name":"\ud2f0(\ud2f0\ubc14\ub098)", "menu_kinds":7},
 {"menu_code":"701", "menu_name":"\ub3cc\uccb4 \ube14\ub799 \ubc00\ud06c \ud2f0", "menu_kinds":700},
 {"menu_code":"702", "menu_name":"\ub77c\uc784 \ud328\uc158 \ud2f0", "menu_kinds":700},
 {"menu_code":"703", "menu_name":"\ubbfc\ud2b8 \ube14\ub80c\ub4dc \ud2f0", "menu_kinds":700},
 {"menu_code":"704", "menu_name":"\ubcc4\uad81 \uc624\ubbf8\uc790 \uc720\uc2a4\ubca0\ub9ac \ud2f0", "menu_kinds":700},
 {"menu_code":"705", "menu_name":"\uc2a4\ud0c0\ubc85\uc2a4 \ud30c\uc778\uc560\ud50c \uc120\uc14b \uc544\uc774\uc2a4 \ud2f0", "menu_kinds":700},
 {"menu_code":"706", "menu_name":"\uc544\uc774\uc2a4 \ub3cc\uccb4 \ube14\ub799 \ubc00\ud06c \ud2f0", "menu_kinds":700},
 {"menu_code":"707", "menu_name":"\uc544\uc774\uc2a4 \ub77c\uc784 \ud328\uc158 \ud2f0", "menu_kinds":700},
 {"menu_code":"708", "menu_name":"\uc544\uc774\uc2a4 \ubbfc\ud2b8 \ube14\ub80c\ub4dc \ud2f0", "menu_kinds":700},
 {"menu_code":"709", "menu_name":"\uc544\uc774\uc2a4 \ubcc4\uad81 \uc624\ubbf8\uc790 \uc720\uc2a4\ubca0\ub9ac \ud2f0", "menu_kinds":700},
 {"menu_code":"710", "menu_name":"\uc544\uc774\uc2a4 \uc5bc \uadf8\ub808\uc774 \ud2f0", "menu_kinds":700},
 {"menu_code":"711", "menu_name":"\uc544\uc774\uc2a4 \uc720\uc2a4\ubca0\ub9ac \ud2f0", "menu_kinds":700},
 {"menu_code":"712", "menu_name":"\uc544\uc774\uc2a4 \uc720\uc790 \ubbfc\ud2b8 \ud2f0", "menu_kinds":700},
 {"menu_code":"713", "menu_name":"\uc544\uc774\uc2a4 \uc789\uae00\ub9ac\uc26c \ube0c\ub809\ud37c\uc2a4\ud2b8 \ud2f0", "menu_kinds":700},
 {"menu_code":"714", "menu_name":"\uc544\uc774\uc2a4 \uc790\ubabd \ud5c8\ub2c8 \ube14\ub799 \ud2f0", "menu_kinds":700},
 {"menu_code":"715", "menu_name":"\uc544\uc774\uc2a4 \uc81c\uc8fc \uc720\uae30 \ub179\ucc28", "menu_kinds":700},
 {"menu_code":"716", "menu_name":"\uc544\uc774\uc2a4 \uc81c\uc8fc \uc720\uae30\ub18d \ub9d0\ucc28\ub85c \ub9cc\ub4e0 \ub77c\ub5bc", "menu_kinds":700},
 {"menu_code":"717", "menu_name":"\uc544\uc774\uc2a4 \ucc28\uc774 \ud2f0 \ub77c\ub5bc", "menu_kinds":700},
 {"menu_code":"718", "menu_name":"\uc544\uc774\uc2a4 \uce90\ubaa8\ub9c8\uc77c \ube14\ub80c\ub4dc \ud2f0", "menu_kinds":700},
 {"menu_code":"719", "menu_name":"\uc544\uc774\uc2a4 \ucf69\uace0\ubb3c \ube14\ub799 \ubc00\ud06c \ud2f0", "menu_kinds":700},
 {"menu_code":"720", "menu_name":"\uc544\uc774\uc2a4 \ud328\uc158 \ud478\ub974\ud2b8 \ud2f0", "menu_kinds":700},
 {"menu_code":"721", "menu_name":"\uc544\uc774\uc2a4 \ud478\ub97c \uccad\uade4 \ubbfc\ud2b8 \ud2f0", "menu_kinds":700},
 {"menu_code":"722", "menu_name":"\uc544\uc774\uc2a4 \ud788\ube44\uc2a4\ucee4\uc2a4 \ube14\ub80c\ub4dc \ud2f0", "menu_kinds":700},
 {"menu_code":"723", "menu_name":"\uc5bc \uadf8\ub808\uc774 \ud2f0", "menu_kinds":700},
 {"menu_code":"724", "menu_name":"\uc720\uc2a4\ubca0\ub9ac \ud2f0", "menu_kinds":700},
 {"menu_code":"725", "menu_name":"\uc720\uc790 \ubbfc\ud2b8 \ud2f0", "menu_kinds":700},
 {"menu_code":"726", "menu_name":"\uc789\uae00\ub9ac\uc26c \ube0c\ub809\ud37c\uc2a4\ud2b8 \ud2f0", "menu_kinds":700},
 {"menu_code":"727", "menu_name":"\uc790\ubabd \ud5c8\ub2c8 \ube14\ub799 \ud2f0", "menu_kinds":700},
 {"menu_code":"728", "menu_name":"\uc81c\uc8fc \uc720\uae30 \ub179\ucc28", "menu_kinds":700},
 {"menu_code":"729", "menu_name":"\uc81c\uc8fc \uc720\uae30\ub18d \ub9d0\ucc28\ub85c \ub9cc\ub4e0 \ub77c\ub5bc", "menu_kinds":700},
 {"menu_code":"730", "menu_name":"\ucc28\uc774 \ud2f0 \ub77c\ub5bc", "menu_kinds":700},
 {"menu_code":"731", "menu_name":"\uce90\ubaa8\ub9c8\uc77c \ube14\ub80c\ub4dc \ud2f0", "menu_kinds":700},
 {"menu_code":"732", "menu_name":"\ucf69\uace0\ubb3c \ube14\ub799 \ubc00\ud06c \ud2f0", "menu_kinds":700},
 {"menu_code":"733", "menu_name":"\ud328\uc158 \ud478\ub974\ud2b8 \ud2f0", "menu_kinds":700},
 {"menu_code":"734", "menu_name":"\ud53c\uce58 \uc824\ub9ac \uc544\uc774\uc2a4 \ud2f0", "menu_kinds":700},
 {"menu_code":"735", "menu_name":"\ud53c\uce58 \uc824\ub9ac \ud2f0", "menu_kinds":700},
 {"menu_code":"736", "menu_name":"\ud788\ube44\uc2a4\ucee4\uc2a4 \ube14\ub80c\ub4dc \ud2f0", "menu_kinds":700},
 {"menu_code":"800", "menu_name":"\uae30\ud0c0\uc81c\uc870\uc74c\ub8cc", "menu_kinds":8},
 {"menu_code":"801", "menu_name":"\uc0e4\uc774\ub2dd \uba38\uc2a4\ucea3 \uc5d0\uc774\ub4dc", "menu_kinds":800},
 {"menu_code":"802", "menu_name":"\uc2a4\ud0c0\ubc85\uc2a4 \uc2ac\ub798\uba38NEW", "menu_kinds":800},
 {"menu_code":"803", "menu_name":"\uc2a4\ud0c0\ubc85\uc2a4 \uc2ac\ub798\uba38", "menu_kinds":800},
 {"menu_code":"804", "menu_name":"\uc2dc\uadf8\ub2c8\ucc98 \ud56b \ucd08\ucf5c\ub9bf", "menu_kinds":800},
 {"menu_code":"805", "menu_name":"\uc544\uc774\uc2a4 \uc2dc\uadf8\ub2c8\ucc98 \ucd08\ucf5c\ub9bf", "menu_kinds":800},
 {"menu_code":"806", "menu_name":"\ud50c\ub7ec\ud53c \ud310\ub2e4 \uc544\uc774\uc2a4 \ucd08\ucf5c\ub9bf", "menu_kinds":800},
 {"menu_code":"807", "menu_name":"\ud50c\ub7ec\ud53c \ud310\ub2e4 \ud56b \ucd08\ucf5c\ub9bf", "menu_kinds":800},
 {"menu_code":"808", "menu_name":"\ub77c\uc784 \ud50c\ub85c\ud130 \uc704\ub4dc \ub9ac\uc800\ube0c CB \uc0f7", "menu_kinds":800},
 {"menu_code":"809", "menu_name":"\uc2a4\ud300 \uc6b0\uc720", "menu_kinds":800},
 {"menu_code":"810", "menu_name":"\uc544\uc774\uc2a4 \uc81c\uc8fc \uae4c\ub9dd \ub77c\ub5bc", "menu_kinds":800},
 {"menu_code":"811", "menu_name":"\uc624\ub80c\uc9c0 \ud50c\ub85c\ud130 \uc704\ub4dc \ub9ac\uc800\ube0c CB \uc0f7", "menu_kinds":800},
 {"menu_code":"812", "menu_name":"\uc6b0\uc720", "menu_kinds":800},
 {"menu_code":"813", "menu_name":"\uc81c\uc8fc \uae4c\ub9dd \ub77c\ub5bc", "menu_kinds":800},
 {"menu_code":"814", "menu_name":"\uc81c\uc8fc \uc465\uc465 \ub77c\ub5bc", "menu_kinds":800},
 {"menu_code":"815", "menu_name":"\uc81c\uc8fc \uccad\uade4 \ub808\ubaa8\ub124\uc774\ub4dc", "menu_kinds":800},
 {"menu_code":"900", "menu_name":"\uc2a4\ud0c0\ubc85\uc2a4 \uc8fc\uc2a4(\ubcd1\uc74c\ub8cc)", "menu_kinds":9},
 {"menu_code":"901", "menu_name":"\uae30\uc6b4\ub0b4\ub77c\uc784 190ML", "menu_kinds":900},
 {"menu_code":"902", "menu_name":"\ud30c\uc774\ud305 \uccad\uade4 190ML", "menu_kinds":900},
 {"menu_code":"903", "menu_name":"\ud55c\ubc29\uc5d0 \ucb49 \uac10\ub2f9 190ML", "menu_kinds":900},
 {"menu_code":"904", "menu_name":"\ub3c4\uc640\uc918 \ud751\ud751 190ML", "menu_kinds":900},
 {"menu_code":"905", "menu_name":"\ub538\uae30\uc8fc\uc2a4 190ML", "menu_kinds":900},
 {"menu_code":"906", "menu_name":"\ub9dd\uace0\uc8fc\uc2a4 190ML", "menu_kinds":900},
 {"menu_code":"907", "menu_name":"\uc218\ubc15\uc8fc\uc2a4 190ML", "menu_kinds":900},
 {"menu_code":"908", "menu_name":"\ucf00\uc77c&\uc0ac\uacfc\uc8fc\uc2a4 190ML", "menu_kinds":900},
 {"menu_code":"909", "menu_name":"\ud1a0\ub9c8\ud1a0\uc8fc\uc2a4 190ML", "menu_kinds":900},
 {"menu_code":"910", "menu_name":"\ud37c\ud50c\ubca0\ub9ac \uad7f 190ML", "menu_kinds":900},
 {"menu_code":"911", "menu_name":"\ud55c\ub77c\ubd09\uc8fc\uc2a4 190ML", "menu_kinds":900},
 {"menu_code":"912", "menu_name":"\ud587\uc0ac\uacfc \uc8fc\uc2a4 190ML", "menu_kinds":900},
 {"menu_code":"913", "menu_name":"\ube14\ub8e8\ubca0\ub9ac \uc694\uac70\ud2b8 190ML", "menu_kinds":900},
 {"menu_code":"914", "menu_name":"\uce58\uc544\uc528\ub4dc \uc694\uac70\ud2b8 190ML", "menu_kinds":900}]