<?xml version="1.0" encoding="UTF-8"?>
<!DOCTYPE mapper
  PUBLIC "-//mybatis.org//DTD Mapper 3.0//EN"
  "http://mybatis.org/dtd/mybatis-3-mapper.dtd">

<mapper namespace="com.team.starbucks.dao.ext.CategoryDao">

	<select id="selectAll" resultType="CategoryDTO">
		SELECT * FROM tbl_category
	</select>

	<select id="findById" resultType="CategoryDTO">
		SELECT menu_code FROM tbl_category
		WHERE LEFT(menu_code,1) = '#{menu_code}';
	</select>
	<insert id="insert"></insert>

	<update id="update"></update>


	<delete id="delete"></delete>

</mapper> 